{
  "country_provinces": {
    "165": {
      "country_name": "Spain",
      "provinces": [
        {"id": 1, "name": "Álava", "autonomous_community": "País Vasco"},
        {"id": 2, "name": "Albacete", "autonomous_community": "Castilla-La Mancha"},
        {"id": 3, "name": "Alicante", "autonomous_community": "Comunidad Valenciana"},
        {"id": 4, "name": "Almería", "autonomous_community": "Andalucía"},
        {"id": 5, "name": "Asturias", "autonomous_community": "Principado de Asturias"},
        {"id": 6, "name": "Ávila", "autonomous_community": "Castilla y León"},
        {"id": 7, "name": "Badajoz", "autonomous_community": "Extremadura"},
        {"id": 8, "name": "Baleares", "autonomous_community": "Islas Baleares"},
        {"id": 9, "name": "Barcelona", "autonomous_community": "Cataluña"},
        {"id": 10, "name": "Burgos", "autonomous_community": "Castilla y León"},
        {"id": 11, "name": "Cáceres", "autonomous_community": "Extremadura"},
        {"id": 12, "name": "Cádiz", "autonomous_community": "Andalucía"},
        {"id": 13, "name": "Cantabria", "autonomous_community": "Cantabria"},
        {"id": 14, "name": "Castellón", "autonomous_community": "Comunidad Valenciana"},
        {"id": 15, "name": "Ciudad Real", "autonomous_community": "Castilla-La Mancha"},
        {"id": 16, "name": "Córdoba", "autonomous_community": "Andalucía"},
        {"id": 17, "name": "Cuenca", "autonomous_community": "Castilla-La Mancha"},
        {"id": 18, "name": "Girona", "autonomous_community": "Cataluña"},
        {"id": 19, "name": "Granada", "autonomous_community": "Andalucía"},
        {"id": 20, "name": "Guadalajara", "autonomous_community": "Castilla-La Mancha"},
        {"id": 21, "name": "Guipúzcoa", "autonomous_community": "País Vasco"},
        {"id": 22, "name": "Huelva", "autonomous_community": "Andalucía"},
        {"id": 23, "name": "Huesca", "autonomous_community": "Aragón"},
        {"id": 24, "name": "Jaén", "autonomous_community": "Andalucía"},
        {"id": 25, "name": "La Coruña", "autonomous_community": "Galicia"},
        {"id": 26, "name": "La Rioja", "autonomous_community": "La Rioja"},
        {"id": 27, "name": "Las Palmas", "autonomous_community": "Canarias"},
        {"id": 28, "name": "León", "autonomous_community": "Castilla y León"},
        {"id": 29, "name": "Lérida", "autonomous_community": "Cataluña"},
        {"id": 30, "name": "Lugo", "autonomous_community": "Galicia"},
        {"id": 31, "name": "Madrid", "autonomous_community": "Comunidad de Madrid"},
        {"id": 32, "name": "Málaga", "autonomous_community": "Andalucía"},
        {"id": 33, "name": "Murcia", "autonomous_community": "Región de Murcia"},
        {"id": 34, "name": "Navarra", "autonomous_community": "Comunidad Foral de Navarra"},
        {"id": 35, "name": "Ourense", "autonomous_community": "Galicia"},
        {"id": 36, "name": "Palencia", "autonomous_community": "Castilla y León"},
        {"id": 37, "name": "Pontevedra", "autonomous_community": "Galicia"},
        {"id": 38, "name": "Salamanca", "autonomous_community": "Castilla y León"},
        {"id": 39, "name": "Santa Cruz de Tenerife", "autonomous_community": "Canarias"},
        {"id": 40, "name": "Segovia", "autonomous_community": "Castilla y León"},
        {"id": 41, "name": "Sevilla", "autonomous_community": "Andalucía"},
        {"id": 42, "name": "Soria", "autonomous_community": "Castilla y León"},
        {"id": 43, "name": "Tarragona", "autonomous_community": "Cataluña"},
        {"id": 44, "name": "Teruel", "autonomous_community": "Aragón"},
        {"id": 45, "name": "Toledo", "autonomous_community": "Castilla-La Mancha"},
        {"id": 46, "name": "Valencia", "autonomous_community": "Comunidad Valenciana"},
        {"id": 47, "name": "Valladolid", "autonomous_community": "Castilla y León"},
        {"id": 48, "name": "Vizcaya", "autonomous_community": "País Vasco"},
        {"id": 49, "name": "Zamora", "autonomous_community": "Castilla y León"},
        {"id": 50, "name": "Zaragoza", "autonomous_community": "Aragón"},
        {"id": 51, "name": "Ceuta", "autonomous_community": "Ceuta"},
        {"id": 52, "name": "Melilla", "autonomous_community": "Melilla"}
      ]
    },
    "187": {
      "country_name": "United States",
      "provinces": [
        {"id": 1, "name": "Alabama", "code": "AL", "type": "state"},
        {"id": 2, "name": "Alaska", "code": "AK", "type": "state"},
        {"id": 3, "name": "Arizona", "code": "AZ", "type": "state"},
        {"id": 4, "name": "Arkansas", "code": "AR", "type": "state"},
        {"id": 5, "name": "California", "code": "CA", "type": "state"},
        {"id": 6, "name": "Colorado", "code": "CO", "type": "state"},
        {"id": 7, "name": "Connecticut", "code": "CT", "type": "state"},
        {"id": 8, "name": "Delaware", "code": "DE", "type": "state"},
        {"id": 9, "name": "Florida", "code": "FL", "type": "state"},
        {"id": 10, "name": "Georgia", "code": "GA", "type": "state"},
        {"id": 11, "name": "Hawaii", "code": "HI", "type": "state"},
        {"id": 12, "name": "Idaho", "code": "ID", "type": "state"},
        {"id": 13, "name": "Illinois", "code": "IL", "type": "state"},
        {"id": 14, "name": "Indiana", "code": "IN", "type": "state"},
        {"id": 15, "name": "Iowa", "code": "IA", "type": "state"},
        {"id": 16, "name": "Kansas", "code": "KS", "type": "state"},
        {"id": 17, "name": "Kentucky", "code": "KY", "type": "state"},
        {"id": 18, "name": "Louisiana", "code": "LA", "type": "state"},
        {"id": 19, "name": "Maine", "code": "ME", "type": "state"},
        {"id": 20, "name": "Maryland", "code": "MD", "type": "state"},
        {"id": 21, "name": "Massachusetts", "code": "MA", "type": "state"},
        {"id": 22, "name": "Michigan", "code": "MI", "type": "state"},
        {"id": 23, "name": "Minnesota", "code": "MN", "type": "state"},
        {"id": 24, "name": "Mississippi", "code": "MS", "type": "state"},
        {"id": 25, "name": "Missouri", "code": "MO", "type": "state"},
        {"id": 26, "name": "Montana", "code": "MT", "type": "state"},
        {"id": 27, "name": "Nebraska", "code": "NE", "type": "state"},
        {"id": 28, "name": "Nevada", "code": "NV", "type": "state"},
        {"id": 29, "name": "New Hampshire", "code": "NH", "type": "state"},
        {"id": 30, "name": "New Jersey", "code": "NJ", "type": "state"},
        {"id": 31, "name": "New Mexico", "code": "NM", "type": "state"},
        {"id": 32, "name": "New York", "code": "NY", "type": "state"},
        {"id": 33, "name": "North Carolina", "code": "NC", "type": "state"},
        {"id": 34, "name": "North Dakota", "code": "ND", "type": "state"},
        {"id": 35, "name": "Ohio", "code": "OH", "type": "state"},
        {"id": 36, "name": "Oklahoma", "code": "OK", "type": "state"},
        {"id": 37, "name": "Oregon", "code": "OR", "type": "state"},
        {"id": 38, "name": "Pennsylvania", "code": "PA", "type": "state"},
        {"id": 39, "name": "Rhode Island", "code": "RI", "type": "state"},
        {"id": 40, "name": "South Carolina", "code": "SC", "type": "state"},
        {"id": 41, "name": "South Dakota", "code": "SD", "type": "state"},
        {"id": 42, "name": "Tennessee", "code": "TN", "type": "state"},
        {"id": 43, "name": "Texas", "code": "TX", "type": "state"},
        {"id": 44, "name": "Utah", "code": "UT", "type": "state"},
        {"id": 45, "name": "Vermont", "code": "VT", "type": "state"},
        {"id": 46, "name": "Virginia", "code": "VA", "type": "state"},
        {"id": 47, "name": "Washington", "code": "WA", "type": "state"},
        {"id": 48, "name": "West Virginia", "code": "WV", "type": "state"},
        {"id": 49, "name": "Wisconsin", "code": "WI", "type": "state"},
        {"id": 50, "name": "Wyoming", "code": "WY", "type": "state"},
        {"id": 51, "name": "District of Columbia", "code": "DC", "type": "federal_district"}
      ]
    },
    "32": {
      "country_name": "Canada",
      "provinces": [
        {"id": 1, "name": "Alberta", "code": "AB", "type": "province"},
        {"id": 2, "name": "British Columbia", "code": "BC", "type": "province"},
        {"id": 3, "name": "Manitoba", "code": "MB", "type": "province"},
        {"id": 4, "name": "New Brunswick", "code": "NB", "type": "province"},
        {"id": 5, "name": "Newfoundland and Labrador", "code": "NL", "type": "province"},
        {"id": 6, "name": "Northwest Territories", "code": "NT", "type": "territory"},
        {"id": 7, "name": "Nova Scotia", "code": "NS", "type": "province"},
        {"id": 8, "name": "Nunavut", "code": "NU", "type": "territory"},
        {"id": 9, "name": "Ontario", "code": "ON", "type": "province"},
        {"id": 10, "name": "Prince Edward Island", "code": "PE", "type": "province"},
        {"id": 11, "name": "Quebec", "code": "QC", "type": "province"},
        {"id": 12, "name": "Saskatchewan", "code": "SK", "type": "province"},
        {"id": 13, "name": "Yukon", "code": "YT", "type": "territory"}
      ]
    },
    "64": {
      "country_name": "Germany",
      "provinces": [
        {"id": 1, "name": "Baden-Württemberg", "type": "state"},
        {"id": 2, "name": "Bayern", "type": "state"},
        {"id": 3, "name": "Berlin", "type": "city_state"},
        {"id": 4, "name": "Brandenburg", "type": "state"},
        {"id": 5, "name": "Bremen", "type": "city_state"},
        {"id": 6, "name": "Hamburg", "type": "city_state"},
        {"id": 7, "name": "Hessen", "type": "state"},
        {"id": 8, "name": "Mecklenburg-Vorpommern", "type": "state"},
        {"id": 9, "name": "Niedersachsen", "type": "state"},
        {"id": 10, "name": "Nordrhein-Westfalen", "type": "state"},
        {"id": 11, "name": "Rheinland-Pfalz", "type": "state"},
        {"id": 12, "name": "Saarland", "type": "state"},
        {"id": 13, "name": "Sachsen", "type": "state"},
        {"id": 14, "name": "Sachsen-Anhalt", "type": "state"},
        {"id": 15, "name": "Schleswig-Holstein", "type": "state"},
        {"id": 16, "name": "Thüringen", "type": "state"}
      ]
    },
    "60": {
      "country_name": "France",
      "provinces": [
        {"id": 1, "name": "Auvergne-Rhône-Alpes", "type": "region"},
        {"id": 2, "name": "Bourgogne-Franche-Comté", "type": "region"},
        {"id": 3, "name": "Bretagne", "type": "region"},
        {"id": 4, "name": "Centre-Val de Loire", "type": "region"},
        {"id": 5, "name": "Corse", "type": "region"},
        {"id": 6, "name": "Grand Est", "type": "region"},
        {"id": 7, "name": "Hauts-de-France", "type": "region"},
        {"id": 8, "name": "Île-de-France", "type": "region"},
        {"id": 9, "name": "Normandie", "type": "region"},
        {"id": 10, "name": "Nouvelle-Aquitaine", "type": "region"},
        {"id": 11, "name": "Occitanie", "type": "region"},
        {"id": 12, "name": "Pays de la Loire", "type": "region"},
        {"id": 13, "name": "Provence-Alpes-Côte d'Azur", "type": "region"},
        {"id": 14, "name": "Guadeloupe", "type": "overseas_region"},
        {"id": 15, "name": "Martinique", "type": "overseas_region"},
        {"id": 16, "name": "Guyane", "type": "overseas_region"},
        {"id": 17, "name": "La Réunion", "type": "overseas_region"},
        {"id": 18, "name": "Mayotte", "type": "overseas_region"}
      ]
    },
    "83": {
      "country_name": "Italy",
      "provinces": [
        {"id": 1, "name": "Abruzzo", "type": "region"},
        {"id": 2, "name": "Basilicata", "type": "region"},
        {"id": 3, "name": "Calabria", "type": "region"},
        {"id": 4, "name": "Campania", "type": "region"},
        {"id": 5, "name": "Emilia-Romagna", "type": "region"},
        {"id": 6, "name": "Friuli-Venezia Giulia", "type": "region"},
        {"id": 7, "name": "Lazio", "type": "region"},
        {"id": 8, "name": "Liguria", "type": "region"},
        {"id": 9, "name": "Lombardia", "type": "region"},
        {"id": 10, "name": "Marche", "type": "region"},
        {"id": 11, "name": "Molise", "type": "region"},
        {"id": 12, "name": "Piemonte", "type": "region"},
        {"id": 13, "name": "Puglia", "type": "region"},
        {"id": 14, "name": "Sardegna", "type": "region"},
        {"id": 15, "name": "Sicilia", "type": "region"},
        {"id": 16, "name": "Toscana", "type": "region"},
        {"id": 17, "name": "Trentino-Alto Adige", "type": "region"},
        {"id": 18, "name": "Umbria", "type": "region"},
        {"id": 19, "name": "Valle d'Aosta", "type": "region"},
        {"id": 20, "name": "Veneto", "type": "region"}
      ]
    },
    "186": {
      "country_name": "United Kingdom",
      "provinces": [
        {"id": 1, "name": "England", "type": "country"},
        {"id": 2, "name": "Scotland", "type": "country"},
        {"id": 3, "name": "Wales", "type": "country"},
        {"id": 4, "name": "Northern Ireland", "type": "country"}
      ]
    },
    "9": {
      "country_name": "Australia",
      "provinces": [
        {"id": 1, "name": "New South Wales", "code": "NSW", "type": "state"},
        {"id": 2, "name": "Queensland", "code": "QLD", "type": "state"},
        {"id": 3, "name": "South Australia", "code": "SA", "type": "state"},
        {"id": 4, "name": "Tasmania", "code": "TAS", "type": "state"},
        {"id": 5, "name": "Victoria", "code": "VIC", "type": "state"},
        {"id": 6, "name": "Western Australia", "code": "WA", "type": "state"},
        {"id": 7, "name": "Australian Capital Territory", "code": "ACT", "type": "territory"},
        {"id": 8, "name": "Northern Territory", "code": "NT", "type": "territory"}
      ]
    },
    "24": {
      "country_name": "Brazil",
      "provinces": [
        {"id": 1, "name": "Acre", "code": "AC", "type": "state"},
        {"id": 2, "name": "Alagoas", "code": "AL", "type": "state"},
        {"id": 3, "name": "Amapá", "code": "AP", "type": "state"},
        {"id": 4, "name": "Amazonas", "code": "AM", "type": "state"},
        {"id": 5, "name": "Bahia", "code": "BA", "type": "state"},
        {"id": 6, "name": "Ceará", "code": "CE", "type": "state"},
        {"id": 7, "name": "Distrito Federal", "code": "DF", "type": "federal_district"},
        {"id": 8, "name": "Espírito Santo", "code": "ES", "type": "state"},
        {"id": 9, "name": "Goiás", "code": "GO", "type": "state"},
        {"id": 10, "name": "Maranhão", "code": "MA", "type": "state"},
        {"id": 11, "name": "Mato Grosso", "code": "MT", "type": "state"},
        {"id": 12, "name": "Mato Grosso do Sul", "code": "MS", "type": "state"},
        {"id": 13, "name": "Minas Gerais", "code": "MG", "type": "state"},
        {"id": 14, "name": "Pará", "code": "PA", "type": "state"},
        {"id": 15, "name": "Paraíba", "code": "PB", "type": "state"},
        {"id": 16, "name": "Paraná", "code": "PR", "type": "state"},
        {"id": 17, "name": "Pernambuco", "code": "PE", "type": "state"},
        {"id": 18, "name": "Piauí", "code": "PI", "type": "state"},
        {"id": 19, "name": "Rio de Janeiro", "code": "RJ", "type": "state"},
        {"id": 20, "name": "Rio Grande do Norte", "code": "RN", "type": "state"},
        {"id": 21, "name": "Rio Grande do Sul", "code": "RS", "type": "state"},
        {"id": 22, "name": "Rondônia", "code": "RO", "type": "state"},
        {"id": 23, "name": "Roraima", "code": "RR", "type": "state"},
        {"id": 24, "name": "Santa Catarina", "code": "SC", "type": "state"},
        {"id": 25, "name": "São Paulo", "code": "SP", "type": "state"},
        {"id": 26, "name": "Sergipe", "code": "SE", "type": "state"},
        {"id": 27, "name": "Tocantins", "code": "TO", "type": "state"}
      ]
    },
    "111": {
      "country_name": "Mexico",
      "provinces": [
        {"id": 1, "name": "Aguascalientes", "type": "state"},
        {"id": 2, "name": "Baja California", "type": "state"},
        {"id": 3, "name": "Baja California Sur", "type": "state"},
        {"id": 4, "name": "Campeche", "type": "state"},
        {"id": 5, "name": "Chiapas", "type": "state"},
        {"id": 6, "name": "Chihuahua", "type": "state"},
        {"id": 7, "name": "Ciudad de México", "type": "federal_district"},
        {"id": 8, "name": "Coahuila", "type": "state"},
        {"id": 9, "name": "Colima", "type": "state"},
        {"id": 10, "name": "Durango", "type": "state"},
        {"id": 11, "name": "Guanajuato", "type": "state"},
        {"id": 12, "name": "Guerrero", "type": "state"},
        {"id": 13, "name": "Hidalgo", "type": "state"},
        {"id": 14, "name": "Jalisco", "type": "state"},
        {"id": 15, "name": "México", "type": "state"},
        {"id": 16, "name": "Michoacán", "type": "state"},
        {"id": 17, "name": "Morelos", "type": "state"},
        {"id": 18, "name": "Nayarit", "type": "state"},
        {"id": 19, "name": "Nuevo León", "type": "state"},
        {"id": 20, "name": "Oaxaca", "type": "state"},
        {"id": 21, "name": "Puebla", "type": "state"},
        {"id": 22, "name": "Querétaro", "type": "state"},
        {"id": 23, "name": "Quintana Roo", "type": "state"},
        {"id": 24, "name": "San Luis Potosí", "type": "state"},
        {"id": 25, "name": "Sinaloa", "type": "state"},
        {"id": 26, "name": "Sonora", "type": "state"},
        {"id": 27, "name": "Tabasco", "type": "state"},
        {"id": 28, "name": "Tamaulipas", "type": "state"},
        {"id": 29, "name": "Tlaxcala", "type": "state"},
        {"id": 30, "name": "Veracruz", "type": "state"},
        {"id": 31, "name": "Yucatán", "type": "state"},
        {"id": 32, "name": "Zacatecas", "type": "state"}
      ]
    }
  },
  "metadata": {
    "total_countries_with_provinces": 10,
    "last_updated": "2025-11-29",
    "notes": "This file contains administrative divisions for major countries where disc golf is popular. The key represents the country ID from countries.json file."
  }
}